customer_id,email_hash,region,created_at,consent_measurement,consent_marketing
1,hx66258591993,CA,2024-11-26 20:43:35.096709,True,False
2,hx90749242086,EU,2024-11-15 20:43:35.096719,True,False
3,hx79811712121,BR,2025-01-06 20:43:35.096720,False,False
4,hx30268647098,EU,2025-02-13 20:43:35.096721,True,True
5,hx37014965641,BR,2024-10-13 20:43:35.096722,True,True
6,hx88619810084,UK,2025-06-21 20:43:35.096723,True,False
7,hx10473877410,CA,2025-01-10 20:43:35.096724,True,False
8,hx83910557653,EU,2025-06-01 20:43:35.096725,True,True
9,hx81736248586,EU,2024-12-24 20:43:35.096727,True,True
10,hx52114145755,UK,2025-04-02 20:43:35.096728,True,True
11,hx37272918413,UK,2025-03-16 20:43:35.096729,True,True
12,hx35058305088,EU,2025-04-20 20:43:35.096730,False,True
13,hx32938262888,UK,2025-01-13 20:43:35.096731,True,True
14,hx50056867528,EU,2025-07-27 20:43:35.096732,False,True
15,hx55409343305,EU,2024-11-11 20:43:35.096732,True,True
16,hx59814761686,BR,2025-03-24 20:43:35.096733,False,True
17,hx99595025508,EU,2024-08-26 20:43:35.096734,True,True
18,hx81339572728,EU,2025-03-08 20:43:35.096735,False,False
19,hx65996130649,EU,2025-07-05 20:43:35.096736,True,False
20,hx99006413290,EU,2025-05-06 20:43:35.096737,True,False
21,hx29377782840,EU,2025-03-04 20:43:35.096738,False,True
22,hx24419083047,EU,2025-04-01 20:43:35.096739,True,False
23,hx65128564383,BR,2025-05-14 20:43:35.096740,True,True
24,hx13954780716,US,2025-04-20 20:43:35.096740,True,False
25,hx13211225089,US,2024-11-25 20:43:35.096741,True,False
26,hx56339993823,BR,2025-04-03 20:43:35.096742,True,True
27,hx51958542278,EU,2025-06-23 20:43:35.096743,True,True
28,hx92545099586,EU,2025-01-05 20:43:35.096746,True,False
29,hx66630362903,EU,2024-11-22 20:43:35.096747,True,True
30,hx56270588193,EU,2025-02-18 20:43:35.096748,True,True
31,hx54718609184,BR,2024-11-28 20:43:35.096749,True,True
32,hx32276342982,EU,2025-06-08 20:43:35.096750,True,True
33,hx11061462298,EU,2025-06-27 20:43:35.096750,True,False
34,hx27316192958,US,2024-11-02 20:43:35.096751,False,False
35,hx72282890878,EU,2024-11-04 20:43:35.096752,True,False
36,hx28054605158,EU,2025-02-13 20:43:35.096753,True,True
37,hx43258267953,US,2025-02-23 20:43:35.096754,True,True
38,hx10336081784,BR,2025-03-05 20:43:35.096755,True,True
39,hx84704295681,EU,2025-05-30 20:43:35.096755,True,True
40,hx23901497295,US,2024-12-02 20:43:35.096756,False,True
41,hx34083937410,EU,2025-04-02 20:43:35.096757,True,False
42,hx89229893857,EU,2024-11-18 20:43:35.096758,False,False
43,hx55881172887,US,2025-03-11 20:43:35.096759,False,True
44,hx86243522172,EU,2024-10-13 20:43:35.096759,True,False
45,hx67574545024,EU,2024-10-14 20:43:35.096760,True,False
46,hx76759385261,US,2024-10-27 20:43:35.096761,True,False
47,hx18234604455,US,2025-05-13 20:43:35.096762,True,False
48,hx58702943923,EU,2024-12-18 20:43:35.096762,True,False
49,hx55699501266,US,2024-11-17 20:43:35.096763,False,False
50,hx88420543901,EU,2024-11-29 20:43:35.096764,True,False
51,hx42513765310,CA,2024-10-02 20:43:35.096765,False,True
52,hx63836566048,EU,2025-06-22 20:43:35.096766,True,True
53,hx15332647811,EU,2024-12-22 20:43:35.096767,True,False
54,hx44886862099,EU,2024-12-07 20:43:35.096768,True,True
55,hx39073271162,CA,2025-04-10 20:43:35.096769,True,False
56,hx23517975616,EU,2025-05-18 20:43:35.096769,True,True
57,hx83470429342,US,2025-01-25 20:43:35.096770,True,True
58,hx44150155439,CA,2025-05-17 20:43:35.096771,False,True
59,hx98087309596,CA,2025-01-16 20:43:35.096772,True,True
60,hx63099252370,EU,2025-07-06 20:43:35.096773,True,True
61,hx64455062844,EU,2025-03-28 20:43:35.096773,True,True
62,hx67419692270,US,2025-03-27 20:43:35.096774,True,False
63,hx70880521942,US,2024-11-25 20:43:35.096775,True,True
64,hx23570921725,EU,2025-08-11 20:43:35.096776,True,True
65,hx49628212046,EU,2025-04-08 20:43:35.096776,True,False
66,hx31560756564,EU,2024-12-22 20:43:35.096777,True,True
67,hx46224846828,EU,2025-02-19 20:43:35.096778,True,True
68,hx18703368453,US,2024-11-19 20:43:35.096779,True,True
69,hx97104524593,EU,2024-10-06 20:43:35.096780,True,False
70,hx29350363361,EU,2024-11-09 20:43:35.096780,True,True
71,hx70458864634,EU,2025-04-19 20:43:35.096781,True,True
72,hx37037807332,EU,2025-07-03 20:43:35.096782,True,False
73,hx88666932352,EU,2025-07-18 20:43:35.096783,True,True
74,hx69599326449,UK,2024-12-28 20:43:35.096783,True,True
75,hx21845423422,EU,2025-07-04 20:43:35.096784,True,True
76,hx86056688877,EU,2024-10-17 20:43:35.096785,True,False
77,hx95045335402,US,2025-01-20 20:43:35.096786,True,True
78,hx91352510936,EU,2025-08-05 20:43:35.096787,True,True
79,hx61274723306,EU,2024-11-03 20:43:35.096788,True,True
80,hx23091395838,CA,2025-06-09 20:43:35.096789,True,False
81,hx27321714546,UK,2024-08-22 20:43:35.096790,True,True
82,hx93511511626,US,2025-05-13 20:43:35.096790,True,True
83,hx59709383889,EU,2025-01-30 20:43:35.096791,True,True
84,hx26249724860,EU,2025-03-03 20:43:35.096792,False,False
85,hx89565120476,EU,2025-04-12 20:43:35.096793,True,False
86,hx67741453469,EU,2025-06-17 20:43:35.096793,False,True
87,hx61272484702,EU,2025-07-27 20:43:35.096794,False,False
88,hx43865905251,EU,2025-02-03 20:43:35.096795,True,False
89,hx46985975393,US,2024-08-26 20:43:35.096796,True,True
90,hx31554029141,EU,2025-04-15 20:43:35.096796,False,False
91,hx13425155802,EU,2025-05-01 20:43:35.096797,True,True
92,hx88859692728,UK,2024-12-23 20:43:35.096798,True,False
93,hx52095719512,EU,2024-08-20 20:43:35.096799,True,True
94,hx59287167928,EU,2025-02-06 20:43:35.096800,False,True
95,hx38994697879,EU,2024-08-31 20:43:35.096801,True,True
96,hx77619242786,BR,2024-12-12 20:43:35.096802,True,False
97,hx12267718372,US,2024-11-01 20:43:35.096803,True,False
98,hx43496674530,EU,2025-05-21 20:43:35.096803,False,True
99,hx12731526494,US,2025-01-30 20:43:35.096804,True,True
100,hx21060289198,EU,2024-12-04 20:43:35.096805,True,True
101,hx97043341184,EU,2025-04-09 20:43:35.096806,True,True
102,hx69198465702,US,2024-11-24 20:43:35.096807,True,False
103,hx48539822174,CA,2025-03-31 20:43:35.096807,True,False
104,hx57136609711,BR,2024-11-29 20:43:35.096808,True,True
105,hx88552828769,US,2025-03-06 20:43:35.096809,True,True
106,hx40978960029,EU,2025-07-25 20:43:35.096810,True,False
107,hx63126188405,EU,2025-07-14 20:43:35.096811,True,True
108,hx71531593599,UK,2024-09-08 20:43:35.096811,False,False
109,hx41987239931,EU,2024-12-30 20:43:35.096812,True,False
110,hx56718863784,EU,2025-01-21 20:43:35.096813,True,True
111,hx78872264494,US,2024-11-11 20:43:35.096814,True,False
112,hx91826138258,BR,2025-05-11 20:43:35.096815,True,True
113,hx23595605026,BR,2025-04-07 20:43:35.096817,False,True
114,hx94007745306,EU,2025-03-13 20:43:35.096818,True,True
115,hx10466097923,EU,2024-12-22 20:43:35.096819,False,True
116,hx77767975323,EU,2025-02-11 20:43:35.096820,True,True
117,hx82947414727,UK,2025-05-11 20:43:35.096820,True,True
118,hx22308764638,CA,2025-02-11 20:43:35.096821,True,False
119,hx47701328581,EU,2025-04-04 20:43:35.096822,True,True
120,hx83373065018,UK,2025-05-20 20:43:35.096823,True,True
121,hx11284407071,EU,2025-06-10 20:43:35.096823,True,False
122,hx66561575307,EU,2025-05-14 20:43:35.096824,True,False
123,hx81372129228,EU,2025-02-03 20:43:35.096825,True,False
124,hx56170322453,EU,2025-04-08 20:43:35.096826,True,False
125,hx75326447848,EU,2025-03-18 20:43:35.096826,True,False
126,hx30378113442,EU,2024-11-07 20:43:35.096827,True,False
127,hx27866903319,US,2024-12-09 20:43:35.096828,True,False
128,hx42681425549,EU,2025-03-12 20:43:35.096829,False,True
129,hx26146542480,UK,2025-01-21 20:43:35.096830,True,True
130,hx41145529519,UK,2025-08-04 20:43:35.096831,True,True
131,hx95331165526,EU,2025-03-23 20:43:35.096832,True,True
132,hx61599944584,EU,2025-03-07 20:43:35.096832,True,True
133,hx40606126067,UK,2025-05-02 20:43:35.096833,True,False
134,hx34437215782,EU,2025-06-06 20:43:35.096834,False,True
135,hx95683554162,EU,2024-11-22 20:43:35.096834,True,True
136,hx50003038867,EU,2025-08-14 20:43:35.096835,True,False
137,hx98235527578,CA,2024-08-28 20:43:35.096836,True,True
138,hx56397040219,US,2024-08-28 20:43:35.096837,True,False
139,hx56904951611,EU,2025-01-03 20:43:35.096838,True,False
140,hx90688647133,EU,2025-05-04 20:43:35.096838,True,True
141,hx76849067638,EU,2025-05-04 20:43:35.096839,True,True
142,hx62258757746,EU,2025-02-04 20:43:35.096840,True,False
143,hx48398455344,CA,2024-12-18 20:43:35.096841,True,True
144,hx89036907346,UK,2025-04-10 20:43:35.096841,True,True
145,hx47048153491,EU,2025-03-11 20:43:35.096842,True,True
146,hx93048361854,EU,2025-07-30 20:43:35.096843,True,True
147,hx16184381690,EU,2024-09-30 20:43:35.096844,True,True
148,hx48699717570,BR,2024-09-25 20:43:35.096845,True,True
149,hx56756333788,US,2025-05-15 20:43:35.096846,True,True
150,hx95584437601,US,2024-09-12 20:43:35.096847,False,False
151,hx32589932199,US,2024-10-14 20:43:35.096848,True,False
152,hx82543523252,EU,2025-06-12 20:43:35.096849,True,True
153,hx70882407999,BR,2025-06-24 20:43:35.096849,True,False
154,hx74537731384,EU,2025-03-19 20:43:35.096850,False,True
155,hx66665996454,US,2024-12-10 20:43:35.096851,True,False
156,hx97440463760,EU,2025-04-04 20:43:35.096852,False,False
157,hx39941331328,EU,2024-11-25 20:43:35.096852,False,False
158,hx45844800370,CA,2025-06-19 20:43:35.096853,True,True
159,hx28262057699,EU,2024-09-15 20:43:35.096854,False,False
160,hx14563364974,EU,2024-12-21 20:43:35.096855,True,True
161,hx29161737547,EU,2025-05-19 20:43:35.096855,True,True
162,hx92391795740,US,2024-11-07 20:43:35.096856,True,True
163,hx85615193543,EU,2025-03-22 20:43:35.096857,False,True
164,hx20116516734,EU,2024-11-15 20:43:35.096858,False,False
165,hx64340112277,EU,2024-12-06 20:43:35.096859,True,True
166,hx53127684539,EU,2024-12-16 20:43:35.096859,True,True
167,hx63521638343,EU,2025-07-05 20:43:35.096860,True,False
168,hx69334750594,EU,2025-08-12 20:43:35.096861,True,True
169,hx37599354179,EU,2024-12-07 20:43:35.096861,True,False
170,hx96521576025,US,2025-05-27 20:43:35.096862,False,True
171,hx51925603155,EU,2025-07-25 20:43:35.096863,True,False
172,hx66529076937,UK,2025-02-12 20:43:35.096864,False,False
173,hx67170356550,CA,2024-09-12 20:43:35.096864,True,True
174,hx26550045685,EU,2024-12-06 20:43:35.096866,True,True
175,hx15567887634,EU,2025-05-01 20:43:35.096866,True,True
176,hx47036514114,UK,2025-03-31 20:43:35.096868,True,True
177,hx78762707958,EU,2024-12-07 20:43:35.096869,True,True
178,hx83369960945,BR,2025-03-08 20:43:35.096870,True,False
179,hx75699032409,EU,2025-01-27 20:43:35.096871,True,True
180,hx20188445727,US,2024-10-16 20:43:35.096871,False,False
181,hx92201937536,EU,2025-07-29 20:43:35.096872,True,False
182,hx82183292018,US,2025-08-10 20:43:35.096873,False,True
183,hx88992222997,UK,2024-09-28 20:43:35.096874,True,True
184,hx57097373767,EU,2025-05-13 20:43:35.096875,False,False
185,hx92407189158,BR,2024-10-23 20:43:35.096876,False,True
186,hx14198701415,EU,2025-05-05 20:43:35.096877,True,True
187,hx12725995053,EU,2024-10-14 20:43:35.096877,False,True
188,hx11819401602,EU,2024-08-22 20:43:35.096878,True,False
189,hx32749181015,EU,2024-09-17 20:43:35.096879,True,True
190,hx32371279588,EU,2025-05-28 20:43:35.096880,False,True
191,hx26875300091,US,2025-02-11 20:43:35.096881,True,True
192,hx61035023654,EU,2025-08-01 20:43:35.096882,True,False
193,hx13508725692,US,2025-05-13 20:43:35.096883,True,False
194,hx63134908104,CA,2025-03-20 20:43:35.096883,False,True
195,hx24941003774,CA,2025-08-05 20:43:35.096884,False,True
196,hx71008633770,UK,2024-12-25 20:43:35.096885,True,True
197,hx11896781899,BR,2025-06-09 20:43:35.096886,True,True
198,hx37951317734,EU,2025-06-24 20:43:35.096887,True,False
199,hx94450715816,CA,2024-12-25 20:43:35.096888,True,True
200,hx58455674188,EU,2024-10-17 20:43:35.096888,True,False
201,hx83042866246,UK,2024-08-21 20:43:35.096889,True,True
202,hx69222347344,UK,2025-06-08 20:43:35.096891,True,False
203,hx64967570704,US,2024-11-09 20:43:35.096892,True,False
204,hx27212741207,EU,2024-12-05 20:43:35.096893,True,False
205,hx61695527342,EU,2024-10-26 20:43:35.096893,True,False
206,hx13571777661,EU,2025-06-21 20:43:35.096894,True,True
207,hx82149796457,EU,2025-02-25 20:43:35.096895,True,False
208,hx96406382531,EU,2024-10-02 20:43:35.096896,True,True
209,hx86860816419,EU,2025-01-22 20:43:35.096896,True,False
210,hx14563868136,BR,2025-06-06 20:43:35.096897,True,False
211,hx40479407503,UK,2025-08-18 20:43:35.096898,True,False
212,hx38620287807,EU,2024-11-25 20:43:35.096899,False,False
213,hx20144529254,EU,2025-07-25 20:43:35.096899,False,True
214,hx66395063738,EU,2024-10-17 20:43:35.096900,False,False
215,hx81771235782,EU,2024-12-22 20:43:35.096901,True,True
216,hx38234932479,EU,2025-05-18 20:43:35.096902,True,True
217,hx87652831141,US,2025-06-02 20:43:35.096902,True,True
218,hx81741422155,EU,2025-07-16 20:43:35.096903,True,False
219,hx21622414732,EU,2025-04-17 20:43:35.096904,True,False
220,hx79017324105,EU,2025-01-17 20:43:35.096905,False,False
221,hx89435864790,US,2025-04-29 20:43:35.096906,False,True
222,hx27755431284,EU,2025-02-18 20:43:35.096906,True,True
223,hx61627706154,EU,2025-01-02 20:43:35.096907,True,False
224,hx67487496941,EU,2025-02-25 20:43:35.096908,False,True
225,hx64840083173,UK,2025-05-20 20:43:35.096909,False,False
226,hx18662110986,EU,2024-11-07 20:43:35.096910,True,True
227,hx69507231490,US,2024-11-30 20:43:35.096911,True,True
228,hx66875925220,EU,2025-03-03 20:43:35.096911,True,True
229,hx84149694009,UK,2025-06-14 20:43:35.096912,True,True
230,hx82316142920,EU,2025-02-19 20:43:35.096913,True,True
231,hx39445138713,EU,2025-04-09 20:43:35.096914,True,True
232,hx74984259962,UK,2025-02-22 20:43:35.096914,True,False
233,hx88054604880,US,2025-07-04 20:43:35.096915,True,True
234,hx90365298236,EU,2025-03-06 20:43:35.096916,True,True
235,hx24536109425,EU,2025-07-31 20:43:35.096917,True,True
236,hx12403211507,CA,2025-03-24 20:43:35.096918,False,True
237,hx68572669907,EU,2024-12-07 20:43:35.096919,True,True
238,hx29320864546,EU,2025-06-21 20:43:35.096919,True,True
239,hx60733875183,CA,2025-07-03 20:43:35.096920,False,False
240,hx95032407681,EU,2025-05-03 20:43:35.096921,True,True
241,hx44138766182,EU,2024-09-23 20:43:35.096921,True,True
242,hx32749709534,EU,2025-05-14 20:43:35.096922,True,False
243,hx51085904496,EU,2024-09-10 20:43:35.096923,True,True
244,hx69151952193,EU,2025-05-20 20:43:35.096924,True,False
245,hx19098907106,US,2025-07-29 20:43:35.096924,True,False
246,hx44252628714,EU,2024-11-07 20:43:35.096925,True,True
247,hx22034906995,EU,2025-07-06 20:43:35.096926,False,True
248,hx69620159944,BR,2025-07-08 20:43:35.096927,False,False
249,hx84749727902,BR,2025-02-05 20:43:35.096927,True,True
250,hx43916840326,US,2025-06-05 20:43:35.096928,True,False
251,hx43455155749,EU,2025-01-11 20:43:35.096929,True,False
252,hx58556949304,EU,2025-02-08 20:43:35.096930,False,False
253,hx29355200167,US,2024-12-02 20:43:35.096931,True,True
254,hx32266863245,EU,2025-04-27 20:43:35.096932,False,False
255,hx39686705495,UK,2025-05-09 20:43:35.096932,True,True
256,hx51168312831,EU,2025-05-23 20:43:35.096933,False,True
257,hx17337831427,EU,2024-11-19 20:43:35.096934,True,True
258,hx77745892272,EU,2025-04-05 20:43:35.096935,True,False
259,hx62114911698,US,2024-10-12 20:43:35.096936,True,False
260,hx36972448559,BR,2025-02-17 20:43:35.096936,True,False
261,hx16979191511,US,2024-11-03 20:43:35.096937,True,True
262,hx78686285625,EU,2024-12-16 20:43:35.096938,True,False
263,hx21797108946,CA,2024-12-09 20:43:35.096939,True,True
264,hx21988597811,US,2024-08-30 20:43:35.096939,True,True
265,hx21761582122,EU,2025-03-07 20:43:35.096940,False,True
266,hx17313608000,EU,2024-10-12 20:43:35.096941,True,True
267,hx91575312885,BR,2024-10-22 20:43:35.096942,True,True
268,hx34231986970,EU,2025-03-15 20:43:35.096942,False,False
269,hx37576952128,US,2024-12-08 20:43:35.096943,True,False
270,hx84951487899,US,2025-03-07 20:43:35.096944,True,False
271,hx65793111373,EU,2024-12-19 20:43:35.096945,False,True
272,hx26842904788,UK,2025-03-20 20:43:35.096946,True,False
273,hx49133207113,EU,2025-02-20 20:43:35.096946,True,False
274,hx89553021824,EU,2025-05-24 20:43:35.096947,True,True
275,hx43783661531,EU,2024-12-30 20:43:35.096948,True,True
276,hx73979339786,UK,2024-09-06 20:43:35.096949,True,False
277,hx18712693795,EU,2025-04-12 20:43:35.096950,True,True
278,hx75459229905,US,2025-07-25 20:43:35.096950,True,True
279,hx79882617165,EU,2024-12-04 20:43:35.096951,True,False
280,hx84319010352,UK,2025-06-05 20:43:35.096952,True,True
281,hx70678089138,UK,2024-12-08 20:43:35.096953,True,True
282,hx43365951533,EU,2024-12-21 20:43:35.096954,True,True
283,hx15779080014,CA,2024-09-07 20:43:35.096955,True,False
284,hx56689861064,US,2025-01-16 20:43:35.096956,True,True
285,hx78171391573,EU,2025-07-06 20:43:35.096956,True,True
286,hx27175438313,EU,2025-05-09 20:43:35.096957,True,False
287,hx33961350394,EU,2025-05-12 20:43:35.096958,False,True
288,hx58250803813,EU,2024-09-11 20:43:35.096959,True,False
289,hx77349840660,EU,2024-10-09 20:43:35.096959,True,True
290,hx90692805767,EU,2025-03-22 20:43:35.096960,True,False
291,hx21316736577,EU,2024-10-03 20:43:35.096961,False,False
292,hx26584319157,US,2025-01-13 20:43:35.096962,True,False
293,hx81958327424,BR,2025-04-26 20:43:35.096962,True,True
294,hx68006946071,UK,2025-07-16 20:43:35.096963,False,True
295,hx74887551262,EU,2024-09-20 20:43:35.096964,True,False
296,hx99709404851,US,2024-09-28 20:43:35.096965,True,False
297,hx94526196281,EU,2024-11-20 20:43:35.096965,False,True
298,hx85872256014,EU,2025-07-12 20:43:35.096966,True,True
299,hx79940422814,CA,2025-01-28 20:43:35.096967,False,True
300,hx45551729368,EU,2025-03-28 20:43:35.096968,True,False
301,hx67710619954,UK,2024-12-13 20:43:35.096969,False,True
302,hx26600107820,US,2024-09-30 20:43:35.096969,True,True
303,hx78354501874,EU,2025-02-05 20:43:35.096970,True,True
304,hx78192159805,BR,2024-09-09 20:43:35.096971,True,False
305,hx74916569226,EU,2025-06-09 20:43:35.096972,True,True
306,hx50031912197,UK,2024-09-23 20:43:35.096973,True,False
307,hx44036229590,EU,2024-10-05 20:43:35.096973,True,False
308,hx47779383912,EU,2024-10-21 20:43:35.096974,True,True
309,hx13000531159,BR,2024-09-06 20:43:35.096975,True,False
310,hx85988810476,EU,2025-05-26 20:43:35.096976,True,True
311,hx58813288979,EU,2025-06-09 20:43:35.096977,True,True
312,hx44876677509,EU,2025-08-07 20:43:35.096978,True,True
313,hx59322589143,EU,2024-11-16 20:43:35.096978,True,True
314,hx74947619666,EU,2025-03-07 20:43:35.096979,True,False
315,hx44331478245,US,2025-05-04 20:43:35.096980,False,True
316,hx84757660606,UK,2025-07-27 20:43:35.096981,True,True
317,hx92751701166,EU,2025-05-14 20:43:35.096981,True,False
318,hx44868906757,US,2024-09-03 20:43:35.096982,True,True
319,hx22403453891,CA,2025-07-24 20:43:35.096983,False,True
320,hx78433596638,EU,2025-08-16 20:43:35.096984,True,False
321,hx99365397286,BR,2025-05-19 20:43:35.096984,True,True
322,hx23318933388,EU,2025-04-22 20:43:35.096985,True,True
323,hx74140810844,UK,2025-06-07 20:43:35.096986,True,True
324,hx84279106026,US,2025-06-06 20:43:35.096987,True,False
325,hx92851475048,UK,2025-02-02 20:43:35.096987,False,True
326,hx21104327284,BR,2025-08-14 20:43:35.096988,True,False
327,hx18262892183,UK,2024-08-26 20:43:35.096989,True,False
328,hx98908442365,EU,2025-02-18 20:43:35.096990,True,True
329,hx20508083659,US,2025-04-07 20:43:35.096991,True,False
330,hx25912680322,EU,2025-07-22 20:43:35.096991,True,True
331,hx61745764044,EU,2025-06-08 20:43:35.096992,True,True
332,hx50164573265,EU,2024-09-25 20:43:35.096993,False,False
333,hx77535297218,US,2025-04-18 20:43:35.096994,False,True
334,hx27150152334,US,2024-12-11 20:43:35.096994,False,True
335,hx92298498539,UK,2025-06-20 20:43:35.096995,False,True
336,hx29547536167,EU,2025-04-06 20:43:35.096996,True,False
337,hx79219989116,EU,2025-04-22 20:43:35.096997,True,False
338,hx16084317274,EU,2024-10-16 20:43:35.096997,True,True
339,hx52606232897,BR,2025-03-26 20:43:35.096998,True,True
340,hx12930249398,EU,2024-11-01 20:43:35.096999,True,True
341,hx38242963575,EU,2024-09-17 20:43:35.097000,True,True
342,hx38100760675,BR,2025-04-22 20:43:35.097001,True,True
343,hx74777359521,US,2025-06-03 20:43:35.097001,True,False
344,hx50951573483,EU,2024-10-14 20:43:35.097002,True,True
345,hx15109692615,EU,2024-09-15 20:43:35.097003,True,True
346,hx99582549347,EU,2024-09-14 20:43:35.097004,True,False
347,hx89982937602,UK,2025-07-01 20:43:35.097005,False,True
348,hx92469154146,US,2025-01-05 20:43:35.097006,True,False
349,hx32191797706,EU,2025-07-07 20:43:35.097007,False,False
350,hx45469922924,EU,2025-04-12 20:43:35.097007,True,False
351,hx30446155081,EU,2025-03-23 20:43:35.097008,False,True
352,hx21241574395,US,2024-09-25 20:43:35.097009,False,False
353,hx12972153219,US,2024-11-25 20:43:35.097010,True,True
354,hx55300280318,CA,2024-09-09 20:43:35.097014,True,True
355,hx21082029045,EU,2024-10-19 20:43:35.097015,True,False
356,hx25867393422,EU,2025-04-14 20:43:35.097016,True,True
357,hx87442811240,US,2024-10-08 20:43:35.097017,True,True
358,hx53581849176,UK,2025-07-18 20:43:35.097018,False,False
359,hx26533316891,US,2025-06-06 20:43:35.097019,True,True
360,hx70287810382,EU,2024-10-07 20:43:35.097020,True,True
361,hx33927838992,BR,2025-07-30 20:43:35.097020,True,False
362,hx57424348003,EU,2024-12-20 20:43:35.097021,True,True
363,hx35465758107,CA,2024-09-28 20:43:35.097022,True,True
364,hx56454506875,EU,2025-05-26 20:43:35.097023,False,False
365,hx66568023166,EU,2024-12-08 20:43:35.097024,True,True
366,hx58258727158,BR,2025-01-24 20:43:35.097025,True,True
367,hx45604369656,EU,2024-12-06 20:43:35.097026,True,False
368,hx81173241888,BR,2025-04-28 20:43:35.097026,True,True
369,hx88609370422,US,2025-07-07 20:43:35.097028,False,False
370,hx26143413731,EU,2024-09-18 20:43:35.097029,False,False
371,hx22267785233,EU,2025-07-12 20:43:35.097029,True,False
372,hx20187247670,BR,2025-04-16 20:43:35.097030,True,True
373,hx98163705739,EU,2025-08-18 20:43:35.097031,True,True
374,hx94743217256,CA,2025-06-08 20:43:35.097032,True,False
375,hx30760046406,UK,2024-12-24 20:43:35.097033,True,False
376,hx97291681621,EU,2025-08-03 20:43:35.097033,True,True
377,hx28703590040,EU,2025-05-31 20:43:35.097034,True,True
378,hx55582841456,UK,2025-04-16 20:43:35.097035,True,True
379,hx54764653979,EU,2025-04-20 20:43:35.097036,False,True
380,hx92346031245,EU,2024-08-23 20:43:35.097037,False,True
381,hx13647597390,EU,2025-06-12 20:43:35.097038,True,True
382,hx38381573298,EU,2025-05-31 20:43:35.097038,True,False
383,hx63997722861,EU,2024-11-15 20:43:35.097039,True,True
384,hx15975839665,US,2025-03-05 20:43:35.097040,True,True
385,hx31289551876,UK,2025-02-18 20:43:35.097041,False,True
386,hx51855710868,BR,2024-08-30 20:43:35.097042,False,True
387,hx89277132417,EU,2025-06-05 20:43:35.097043,True,True
388,hx78486356948,EU,2025-08-16 20:43:35.097043,True,False
389,hx84608242259,EU,2024-10-02 20:43:35.097044,False,True
390,hx78496279526,CA,2025-05-03 20:43:35.097045,False,True
391,hx73694869843,EU,2025-04-24 20:43:35.097046,True,False
392,hx86472400837,EU,2024-10-24 20:43:35.097047,True,False
393,hx71332902165,UK,2025-01-03 20:43:35.097048,True,False
394,hx76211475337,EU,2025-07-15 20:43:35.097048,True,False
395,hx37148005247,EU,2024-09-27 20:43:35.097049,True,True
396,hx25087665060,US,2024-09-15 20:43:35.097050,True,True
397,hx78087248123,EU,2025-08-15 20:43:35.097051,True,True
398,hx24925356619,UK,2024-10-19 20:43:35.097052,True,False
399,hx92751026635,EU,2025-06-15 20:43:35.097053,True,False
400,hx63697855361,EU,2025-06-27 20:43:35.097054,False,True
401,hx39649070158,EU,2024-11-13 20:43:35.097055,True,False
402,hx94297884097,US,2025-01-15 20:43:35.097057,True,False
403,hx23961724474,EU,2025-03-12 20:43:35.097058,True,False
404,hx56301970392,UK,2025-01-28 20:43:35.097059,False,True
405,hx18239866589,UK,2025-06-07 20:43:35.097060,True,True
406,hx96888493816,UK,2024-12-09 20:43:35.097061,True,True
407,hx61783845562,EU,2025-04-11 20:43:35.097061,True,False
408,hx82329993801,EU,2025-04-29 20:43:35.097062,False,False
409,hx35373017678,EU,2025-01-27 20:43:35.097063,False,False
410,hx82161696399,CA,2025-04-01 20:43:35.097064,False,False
411,hx73255776902,BR,2025-07-26 20:43:35.097065,True,False
412,hx67931332280,EU,2025-05-23 20:43:35.097065,True,True
413,hx95550653340,US,2024-08-27 20:43:35.097066,False,False
414,hx49014220428,UK,2025-05-04 20:43:35.097067,False,True
415,hx47357959022,CA,2025-03-27 20:43:35.097068,False,False
416,hx72290901589,US,2025-06-16 20:43:35.097069,True,True
417,hx85154977552,UK,2025-07-30 20:43:35.097070,True,False
418,hx40156841802,BR,2024-09-23 20:43:35.097071,True,False
419,hx70269134921,EU,2025-01-14 20:43:35.097072,False,True
420,hx28813366707,EU,2024-09-29 20:43:35.097072,False,False
421,hx59652997628,US,2024-10-20 20:43:35.097073,True,False
422,hx79225453167,EU,2025-04-09 20:43:35.097074,False,True
423,hx15878345603,EU,2025-02-24 20:43:35.097075,True,True
424,hx75505785889,CA,2024-12-09 20:43:35.097076,True,True
425,hx11388922925,US,2024-11-09 20:43:35.097077,True,False
426,hx96251502608,EU,2025-02-21 20:43:35.097078,True,False
427,hx52180282044,UK,2025-08-05 20:43:35.097078,True,False
428,hx46816377064,EU,2025-05-08 20:43:35.097079,True,True
429,hx74840018577,CA,2025-04-27 20:43:35.097080,True,True
430,hx57096898296,UK,2025-04-13 20:43:35.097081,True,True
431,hx75776396978,EU,2025-01-16 20:43:35.097082,True,True
432,hx17628210525,EU,2024-09-01 20:43:35.097083,False,True
433,hx60651268359,EU,2025-06-26 20:43:35.097083,True,True
434,hx60229782355,UK,2025-04-16 20:43:35.097084,True,True
435,hx93890250252,EU,2025-05-13 20:43:35.097085,True,True
436,hx13564502027,EU,2025-01-20 20:43:35.097086,True,False
437,hx50753767874,UK,2024-10-26 20:43:35.097087,True,False
438,hx66796562093,US,2024-09-08 20:43:35.097088,True,True
439,hx59567225613,US,2025-02-15 20:43:35.097088,True,False
440,hx16674498803,US,2025-05-02 20:43:35.097089,False,False
441,hx63390555386,EU,2025-05-31 20:43:35.097090,False,False
442,hx29997719670,EU,2024-10-28 20:43:35.097091,True,False
443,hx27599426140,EU,2025-08-02 20:43:35.097092,False,True
444,hx89082179626,EU,2025-07-08 20:43:35.097093,True,False
445,hx27805789696,EU,2025-07-27 20:43:35.097093,True,True
446,hx50886167680,US,2024-11-25 20:43:35.097094,True,True
447,hx77525819400,US,2024-10-12 20:43:35.097095,True,True
448,hx73658384741,US,2024-10-29 20:43:35.097096,True,False
449,hx59811310532,EU,2025-05-11 20:43:35.097097,False,False
450,hx82634117222,EU,2024-10-18 20:43:35.097098,False,True
451,hx51923455677,UK,2025-08-17 20:43:35.097099,True,False
452,hx65834689035,EU,2024-08-29 20:43:35.097100,False,False
453,hx83702497663,EU,2025-01-13 20:43:35.097101,True,False
454,hx71028247240,EU,2024-12-03 20:43:35.097102,True,True
455,hx67764553003,UK,2025-07-14 20:43:35.097108,False,True
456,hx46551585135,EU,2024-08-28 20:43:35.097108,True,True
457,hx60249111227,EU,2025-03-29 20:43:35.097109,False,False
458,hx45647439757,EU,2025-05-09 20:43:35.097111,False,True
459,hx76986302975,US,2024-10-13 20:43:35.097112,False,True
460,hx44238714049,UK,2025-02-10 20:43:35.097113,True,True
461,hx51995903888,US,2025-07-01 20:43:35.097114,True,True
462,hx77991138099,EU,2025-06-02 20:43:35.097115,True,True
463,hx55329021862,EU,2025-04-08 20:43:35.097115,True,True
464,hx40422931361,US,2025-07-19 20:43:35.097116,False,False
465,hx84413704497,CA,2025-02-15 20:43:35.097117,True,True
466,hx44286633471,EU,2025-03-12 20:43:35.097118,True,False
467,hx86025619059,BR,2024-12-25 20:43:35.097119,True,False
468,hx80671636242,EU,2024-11-30 20:43:35.097120,True,True
469,hx50255994138,EU,2025-06-30 20:43:35.097120,False,False
470,hx74160184574,EU,2024-11-08 20:43:35.097121,True,False
471,hx13095073022,US,2024-10-23 20:43:35.097122,True,True
472,hx45081856348,CA,2025-08-12 20:43:35.097123,True,False
473,hx87430031756,US,2024-11-15 20:43:35.097124,False,False
474,hx62158542176,EU,2024-09-10 20:43:35.097125,True,True
475,hx60204324359,US,2025-03-29 20:43:35.097126,True,False
476,hx69826499699,EU,2025-05-21 20:43:35.097126,True,True
477,hx70990446877,EU,2025-01-30 20:43:35.097127,True,True
478,hx62523842593,EU,2025-05-04 20:43:35.097128,True,True
479,hx47856637945,EU,2025-06-03 20:43:35.097129,False,True
480,hx26513531936,EU,2024-10-20 20:43:35.097130,True,True
481,hx36337783161,EU,2025-01-12 20:43:35.097131,True,True
482,hx36362995932,EU,2024-09-27 20:43:35.097131,True,True
483,hx48767043217,EU,2024-12-01 20:43:35.097132,True,False
484,hx99915287992,EU,2024-11-23 20:43:35.097133,False,False
485,hx41729674768,BR,2024-11-05 20:43:35.097134,False,True
486,hx50264135363,BR,2025-04-19 20:43:35.097135,True,True
487,hx43446480744,EU,2025-07-02 20:43:35.097136,False,False
488,hx62328496556,US,2025-03-03 20:43:35.097137,True,True
489,hx95310872151,UK,2024-08-30 20:43:35.097137,True,True
490,hx90016560433,EU,2024-10-19 20:43:35.097138,True,False
491,hx43942487113,US,2024-11-28 20:43:35.097139,True,True
492,hx34021102783,EU,2025-04-10 20:43:35.097141,True,False
493,hx89595874390,US,2025-06-03 20:43:35.097142,True,False
494,hx54445000501,CA,2024-10-29 20:43:35.097144,True,True
495,hx71698703239,EU,2025-03-11 20:43:35.097145,True,True
496,hx16596228054,CA,2024-11-07 20:43:35.097147,True,True
497,hx87990192718,US,2025-06-03 20:43:35.097148,True,True
498,hx38166864635,BR,2025-03-01 20:43:35.097150,True,False
499,hx54507426155,US,2024-11-01 20:43:35.097152,True,False
500,hx27821897358,UK,2024-09-26 20:43:35.097153,False,True
501,hx47821836044,EU,2025-08-03 20:43:35.097155,True,False
502,hx84524402555,US,2025-04-01 20:43:35.097156,True,False
503,hx84482132307,EU,2025-05-13 20:43:35.097158,True,True
504,hx52630481175,EU,2024-11-19 20:43:35.097159,True,True
505,hx79111963105,US,2024-11-08 20:43:35.097161,True,True
506,hx51226017914,EU,2024-12-29 20:43:35.097163,False,False
507,hx43602070615,EU,2024-11-20 20:43:35.097164,False,True
508,hx59130007891,BR,2025-04-20 20:43:35.097166,True,True
509,hx28120669044,BR,2025-07-28 20:43:35.097168,True,False
510,hx38490537238,US,2025-02-06 20:43:35.097169,False,True
511,hx73587589418,EU,2025-08-11 20:43:35.097171,False,False
512,hx79346258337,US,2025-01-10 20:43:35.097174,True,True
513,hx15103732176,EU,2025-01-10 20:43:35.097175,False,True
514,hx75954352604,US,2025-02-04 20:43:35.097175,True,True
515,hx83568694212,US,2024-10-15 20:43:35.097176,False,False
516,hx50067421591,US,2025-07-09 20:43:35.097177,True,True
517,hx15620852157,EU,2025-03-24 20:43:35.097178,True,True
518,hx71462192989,EU,2024-08-23 20:43:35.097178,True,True
519,hx32154729366,US,2025-05-18 20:43:35.097179,True,True
520,hx67902159602,EU,2024-09-01 20:43:35.097180,True,True
521,hx43896025815,US,2025-08-17 20:43:35.097181,True,True
522,hx67344716834,EU,2025-08-05 20:43:35.097182,True,False
523,hx33232139206,EU,2025-06-02 20:43:35.097183,False,True
524,hx52888332031,EU,2024-09-09 20:43:35.097183,True,True
525,hx57220726512,US,2024-12-27 20:43:35.097184,False,True
526,hx66791186418,UK,2025-02-06 20:43:35.097185,True,True
527,hx28285105741,UK,2025-07-05 20:43:35.097186,True,False
528,hx96584596767,EU,2025-07-04 20:43:35.097187,True,True
529,hx36022426816,BR,2024-10-10 20:43:35.097188,True,False
530,hx37541811858,EU,2024-10-24 20:43:35.097188,True,True
531,hx33068114484,US,2025-07-28 20:43:35.097189,False,False
532,hx16072863451,EU,2025-03-14 20:43:35.097190,True,False
533,hx48063062160,EU,2025-02-01 20:43:35.097191,False,True
534,hx79465268017,EU,2024-12-02 20:43:35.097192,True,False
535,hx73861024300,EU,2025-08-15 20:43:35.097193,False,False
536,hx27601520773,US,2024-10-21 20:43:35.097193,False,True
537,hx22323871227,US,2025-02-08 20:43:35.097194,True,False
538,hx38928514635,US,2025-02-04 20:43:35.097195,True,True
539,hx79142963804,EU,2025-04-09 20:43:35.097196,True,True
540,hx53927032226,US,2025-07-31 20:43:35.097199,True,False
541,hx93086576418,EU,2024-09-14 20:43:35.097200,True,False
542,hx69074538932,US,2024-10-23 20:43:35.097201,True,True
543,hx65881610254,EU,2024-10-21 20:43:35.097202,True,True
544,hx79092201343,US,2024-12-09 20:43:35.097203,True,True
545,hx77523242291,EU,2025-02-22 20:43:35.097204,True,False
546,hx40945431250,EU,2024-09-21 20:43:35.097205,True,True
547,hx33130756155,EU,2025-07-10 20:43:35.097206,False,False
548,hx49385925074,EU,2025-05-12 20:43:35.097207,True,False
549,hx54032246268,EU,2025-03-08 20:43:35.097208,True,False
550,hx22755049338,US,2024-11-06 20:43:35.097208,True,False
551,hx49719897553,UK,2025-04-19 20:43:35.097209,True,False
552,hx67584093028,EU,2024-10-05 20:43:35.097210,True,False
553,hx22214305448,EU,2025-04-26 20:43:35.097211,False,True
554,hx22423409925,US,2025-04-11 20:43:35.097212,False,True
555,hx25634927126,EU,2025-04-24 20:43:35.097213,False,True
556,hx35499826481,UK,2025-03-22 20:43:35.097214,False,False
557,hx96553834738,EU,2024-10-26 20:43:35.097214,True,True
558,hx12321216333,EU,2025-04-19 20:43:35.097215,True,False
559,hx26536520645,EU,2025-02-22 20:43:35.097216,False,True
560,hx24854305543,EU,2025-08-16 20:43:35.097217,True,False
561,hx52691322263,EU,2025-01-29 20:43:35.097218,True,False
562,hx11356550067,EU,2025-05-26 20:43:35.097219,True,False
563,hx51235589848,US,2025-02-20 20:43:35.097219,False,False
564,hx24663020492,CA,2025-04-20 20:43:35.097220,True,True
565,hx34267620039,EU,2025-04-02 20:43:35.097221,True,False
566,hx81319654517,BR,2025-07-10 20:43:35.097222,True,True
567,hx26566049932,EU,2025-03-04 20:43:35.097223,False,True
568,hx65541594975,US,2024-11-13 20:43:35.097224,True,False
569,hx46568104289,EU,2025-01-09 20:43:35.097224,True,False
570,hx47583601230,EU,2025-03-16 20:43:35.097225,True,False
571,hx83516087582,BR,2024-10-14 20:43:35.097226,True,True
572,hx24482345876,US,2025-01-24 20:43:35.097227,False,False
573,hx93142920260,EU,2025-01-07 20:43:35.097228,True,False
574,hx90414177152,EU,2025-05-07 20:43:35.097229,True,True
575,hx70148976654,BR,2024-12-12 20:43:35.097229,False,True
576,hx14450258863,CA,2025-04-09 20:43:35.097230,True,False
577,hx69697767563,US,2025-06-09 20:43:35.097231,True,True
578,hx64031291412,UK,2024-11-17 20:43:35.097232,True,False
579,hx79498531776,CA,2025-01-20 20:43:35.097233,True,False
580,hx29244842409,US,2025-02-28 20:43:35.097234,True,False
581,hx95802040934,US,2024-12-02 20:43:35.097234,True,False
582,hx89757743477,EU,2025-01-13 20:43:35.097235,True,False
583,hx20292142637,EU,2024-11-15 20:43:35.097236,False,False
584,hx38368167272,US,2025-03-18 20:43:35.097237,False,True
585,hx12919977002,UK,2024-08-20 20:43:35.097238,True,True
586,hx84785249133,EU,2025-01-28 20:43:35.097239,False,False
587,hx92358527199,EU,2025-02-28 20:43:35.097240,False,False
588,hx99082832622,EU,2024-09-26 20:43:35.097241,True,False
589,hx65073251587,US,2024-08-20 20:43:35.097242,True,True
590,hx69938702095,EU,2025-05-13 20:43:35.097244,False,True
591,hx71056498013,BR,2025-05-26 20:43:35.097245,True,True
592,hx61313359132,EU,2025-02-11 20:43:35.097247,True,False
593,hx95718062020,US,2025-07-23 20:43:35.097248,True,False
594,hx64707510584,US,2024-12-11 20:43:35.097253,True,True
595,hx40215343527,EU,2024-12-15 20:43:35.097255,True,True
596,hx56158951593,EU,2025-07-18 20:43:35.097257,True,True
597,hx11679658739,EU,2025-05-13 20:43:35.097258,True,True
598,hx75171367433,US,2024-09-02 20:43:35.097259,True,True
599,hx72452896856,EU,2025-06-14 20:43:35.097261,True,True
600,hx47894602711,EU,2025-02-18 20:43:35.097262,True,True
601,hx86633298141,EU,2024-12-14 20:43:35.097265,True,False
602,hx77997348625,EU,2025-05-21 20:43:35.097266,True,True
603,hx40301613853,BR,2025-04-17 20:43:35.097269,True,False
604,hx16974817276,BR,2024-11-15 20:43:35.097272,False,True
605,hx21900072234,UK,2025-03-17 20:43:35.097273,True,True
606,hx26584500639,BR,2024-10-26 20:43:35.097275,False,False
607,hx37352622610,US,2025-07-28 20:43:35.097276,True,True
608,hx50276415179,EU,2025-01-01 20:43:35.097278,False,False
609,hx93519692045,BR,2025-04-16 20:43:35.097279,True,False
610,hx35057610808,US,2024-09-19 20:43:35.097281,True,False
611,hx90872709672,US,2025-03-12 20:43:35.097282,False,True
612,hx71241596208,US,2025-07-17 20:43:35.097284,True,False
613,hx86814362350,BR,2024-10-18 20:43:35.097285,False,False
614,hx46292805521,EU,2025-02-07 20:43:35.097287,True,False
615,hx10294906772,US,2025-07-28 20:43:35.097288,True,True
616,hx80827062585,EU,2024-11-21 20:43:35.097290,False,True
617,hx32092826609,EU,2025-01-18 20:43:35.097294,True,False
618,hx22823218518,EU,2024-09-19 20:43:35.097295,True,True
619,hx81954243844,EU,2024-12-06 20:43:35.097296,False,True
620,hx71769578499,EU,2024-12-28 20:43:35.097297,True,True
621,hx29117368075,EU,2025-05-30 20:43:35.097297,False,False
622,hx34082363324,EU,2025-01-11 20:43:35.097298,True,True
623,hx94529784828,UK,2025-06-18 20:43:35.097299,True,False
624,hx34168417758,US,2025-03-30 20:43:35.097300,True,False
625,hx73216529023,US,2025-03-14 20:43:35.097303,True,True
626,hx21659792197,CA,2025-01-22 20:43:35.097304,True,False
627,hx83353228227,EU,2025-06-03 20:43:35.097304,False,False
628,hx20583101009,EU,2025-01-29 20:43:35.097305,True,False
629,hx56443701409,EU,2025-04-22 20:43:35.097306,True,False
630,hx13169586391,EU,2024-09-23 20:43:35.097307,True,True
631,hx59507069103,CA,2024-08-23 20:43:35.097307,True,True
632,hx86195945257,EU,2024-10-21 20:43:35.097308,False,False
633,hx17595866072,BR,2025-05-25 20:43:35.097309,True,True
634,hx34683092144,UK,2024-11-23 20:43:35.097310,True,True
635,hx78822375704,EU,2024-08-26 20:43:35.097311,True,False
636,hx64728848750,BR,2024-09-16 20:43:35.097311,True,False
637,hx38151721588,EU,2024-10-05 20:43:35.097312,True,False
638,hx66601349150,EU,2025-07-25 20:43:35.097313,False,False
639,hx50923928837,EU,2025-06-25 20:43:35.097314,True,True
640,hx87612063912,EU,2024-11-11 20:43:35.097314,False,False
641,hx36364591224,EU,2025-04-29 20:43:35.097315,True,True
642,hx78195754282,EU,2025-03-03 20:43:35.097316,True,True
643,hx67210673955,CA,2025-02-24 20:43:35.097317,True,False
644,hx76638579472,EU,2024-11-18 20:43:35.097317,True,False
645,hx44043545232,EU,2024-11-22 20:43:35.097318,True,False
646,hx75242891703,UK,2025-05-03 20:43:35.097319,True,True
647,hx72858348705,EU,2024-11-03 20:43:35.097320,True,True
648,hx44874000288,CA,2025-03-01 20:43:35.097320,True,False
649,hx12380700728,UK,2025-01-18 20:43:35.097321,True,False
650,hx96662198653,US,2024-10-22 20:43:35.097322,True,True
651,hx74224035646,EU,2025-05-07 20:43:35.097323,True,False
652,hx28426478358,EU,2025-08-06 20:43:35.097324,False,True
653,hx75772649219,EU,2024-12-23 20:43:35.097325,True,True
654,hx35081502721,EU,2025-05-05 20:43:35.097325,True,False
655,hx52235685357,EU,2025-05-16 20:43:35.097326,True,True
656,hx87389934454,EU,2025-02-22 20:43:35.097327,True,False
657,hx50326489264,UK,2024-10-03 20:43:35.097328,True,False
658,hx35920591555,EU,2024-10-13 20:43:35.097328,True,True
659,hx37494200044,CA,2024-11-26 20:43:35.097329,True,False
660,hx16931553998,US,2025-05-12 20:43:35.097330,False,True
661,hx29755502167,EU,2024-09-09 20:43:35.097331,True,True
662,hx34399560637,US,2024-10-23 20:43:35.097331,True,True
663,hx25567220141,EU,2025-08-05 20:43:35.097332,True,True
664,hx15675914313,EU,2025-05-21 20:43:35.097333,False,False
665,hx51921024667,UK,2025-07-05 20:43:35.097334,True,False
666,hx29295651798,EU,2025-04-30 20:43:35.097334,True,True
667,hx76489345996,EU,2024-12-15 20:43:35.097335,True,True
668,hx93027498651,EU,2025-01-29 20:43:35.097336,False,False
669,hx34568622974,US,2025-06-27 20:43:35.097337,True,True
670,hx61502346169,EU,2024-12-23 20:43:35.097337,True,False
671,hx55605309835,EU,2025-01-14 20:43:35.097338,True,True
672,hx16759768486,US,2024-10-02 20:43:35.097339,True,False
673,hx21238694413,EU,2025-04-27 20:43:35.097340,True,True
674,hx89630151210,BR,2024-10-02 20:43:35.097341,False,False
675,hx52673683404,EU,2024-12-22 20:43:35.097341,True,True
676,hx82414891926,EU,2025-05-19 20:43:35.097342,True,False
677,hx15992267029,EU,2025-04-23 20:43:35.097343,False,True
678,hx63533182291,US,2024-11-20 20:43:35.097344,False,True
679,hx87878075883,CA,2024-12-10 20:43:35.097345,False,False
680,hx88035948705,BR,2024-12-30 20:43:35.097346,True,False
681,hx10515018643,EU,2025-03-25 20:43:35.097347,True,True
682,hx56954809404,EU,2025-03-31 20:43:35.097348,True,True
683,hx43210427434,EU,2025-01-27 20:43:35.097348,True,True
684,hx78403782618,EU,2024-11-09 20:43:35.097349,False,False
685,hx16589709713,EU,2025-05-18 20:43:35.097350,False,False
686,hx33843390595,EU,2024-09-26 20:43:35.097351,False,True
687,hx83137850678,CA,2025-06-07 20:43:35.097352,True,True
688,hx52260060027,US,2025-02-25 20:43:35.097353,True,True
689,hx50783528933,UK,2025-04-28 20:43:35.097354,True,True
690,hx97170278326,US,2024-09-19 20:43:35.097354,True,True
691,hx38790159608,EU,2025-06-16 20:43:35.097355,True,True
692,hx13754985278,EU,2025-07-03 20:43:35.097356,True,True
693,hx45298075064,EU,2024-12-13 20:43:35.097357,True,False
694,hx23803620541,EU,2025-06-19 20:43:35.097358,True,True
695,hx17370267057,EU,2024-08-24 20:43:35.097359,True,True
696,hx61107432109,BR,2024-11-13 20:43:35.097359,True,False
697,hx95821805444,EU,2024-10-01 20:43:35.097360,True,True
698,hx62146681684,EU,2025-04-29 20:43:35.097361,True,True
699,hx68240309279,EU,2024-11-20 20:43:35.097362,True,False
700,hx39126597547,US,2025-01-17 20:43:35.097363,True,True
701,hx61401057125,US,2025-03-17 20:43:35.097365,True,True
702,hx77702006226,US,2025-02-19 20:43:35.097366,True,False
703,hx63035636981,EU,2025-08-12 20:43:35.097367,True,False
704,hx82250053676,EU,2025-06-26 20:43:35.097367,True,False
705,hx59542361240,EU,2025-07-04 20:43:35.097368,True,True
706,hx27832965082,EU,2024-11-17 20:43:35.097369,True,False
707,hx62445362880,BR,2025-05-13 20:43:35.097370,True,False
708,hx54184226239,CA,2024-11-22 20:43:35.097371,True,True
709,hx24934197921,US,2024-12-03 20:43:35.097372,True,False
710,hx65724926603,EU,2025-06-27 20:43:35.097373,True,True
711,hx83526448818,EU,2025-04-22 20:43:35.097376,True,False
712,hx22157892412,BR,2025-05-16 20:43:35.097376,True,True
713,hx59045127546,UK,2025-07-08 20:43:35.097377,False,True
714,hx76031841950,US,2024-10-31 20:43:35.097378,True,True
715,hx46271583656,EU,2025-04-05 20:43:35.097379,True,False
716,hx34304161708,EU,2024-09-20 20:43:35.097380,True,True
717,hx43505236959,US,2024-10-15 20:43:35.097381,False,False
718,hx58752866694,UK,2024-10-06 20:43:35.097382,True,True
719,hx71799433588,EU,2024-11-22 20:43:35.097383,True,True
720,hx60325769957,EU,2025-02-17 20:43:35.097383,False,True
721,hx19632253149,EU,2025-03-17 20:43:35.097384,True,False
722,hx83609775391,EU,2025-04-07 20:43:35.097385,False,True
723,hx93147374279,UK,2025-01-02 20:43:35.097386,True,False
724,hx19116355819,US,2025-03-09 20:43:35.097387,False,True
725,hx32456751587,CA,2024-10-10 20:43:35.097388,True,False
726,hx25631306947,EU,2025-06-15 20:43:35.097389,True,False
727,hx86423964842,EU,2025-04-07 20:43:35.097389,False,True
728,hx91925085124,BR,2025-02-19 20:43:35.097390,True,True
729,hx13984637885,US,2025-05-08 20:43:35.097391,True,True
730,hx39917747256,EU,2025-05-26 20:43:35.097392,True,True
731,hx27324515174,EU,2025-01-26 20:43:35.097393,True,True
732,hx52257943619,US,2025-06-21 20:43:35.097394,False,False
733,hx92943138454,US,2024-11-07 20:43:35.097394,True,False
734,hx16315591748,EU,2025-04-02 20:43:35.097395,False,True
735,hx25415120169,EU,2024-11-18 20:43:35.097396,True,True
736,hx53832635332,CA,2025-07-26 20:43:35.097397,True,False
737,hx57163122528,EU,2024-11-05 20:43:35.097398,False,True
738,hx77095115468,US,2025-02-28 20:43:35.097399,True,True
739,hx49391743468,EU,2024-10-13 20:43:35.097400,False,True
740,hx22702307629,EU,2024-12-08 20:43:35.097400,True,True
741,hx41825068462,EU,2024-10-30 20:43:35.097401,True,True
742,hx98388380643,EU,2024-12-24 20:43:35.097402,True,True
743,hx77564993187,EU,2025-07-10 20:43:35.097403,True,True
744,hx20470993438,EU,2024-08-29 20:43:35.097404,True,True
745,hx82738826094,EU,2025-03-29 20:43:35.097405,True,False
746,hx37983381758,EU,2024-09-30 20:43:35.097406,False,True
747,hx80325683389,EU,2025-02-14 20:43:35.097407,False,True
748,hx11144930427,BR,2024-12-31 20:43:35.097407,True,True
749,hx88414313860,EU,2025-06-13 20:43:35.097408,True,True
750,hx24607929142,EU,2024-09-26 20:43:35.097409,True,False
751,hx51017553608,BR,2024-11-04 20:43:35.097410,False,True
752,hx69558003845,EU,2025-03-10 20:43:35.097411,True,True
753,hx55708261141,EU,2025-03-19 20:43:35.097412,True,True
754,hx24885799080,EU,2024-11-01 20:43:35.097413,True,True
755,hx22520666188,EU,2025-06-19 20:43:35.097414,True,False
756,hx35608095362,EU,2025-05-07 20:43:35.097414,True,True
757,hx14715258131,UK,2025-06-28 20:43:35.097415,True,True
758,hx29489029039,BR,2025-02-08 20:43:35.097416,True,True
759,hx21709451464,EU,2025-04-05 20:43:35.097417,False,False
760,hx51831731305,EU,2024-08-27 20:43:35.097418,True,True
761,hx42085893640,UK,2024-09-27 20:43:35.097419,True,False
762,hx62814902382,EU,2025-01-13 20:43:35.097420,True,False
763,hx35279097816,US,2024-11-13 20:43:35.097421,True,True
764,hx13051994367,UK,2025-02-15 20:43:35.097422,True,True
765,hx39799914539,BR,2025-03-17 20:43:35.097423,True,False
766,hx77966263370,UK,2024-11-05 20:43:35.097423,True,True
767,hx33025434410,EU,2025-04-09 20:43:35.097424,True,True
768,hx46409359007,BR,2025-04-27 20:43:35.097425,False,True
769,hx77947694241,EU,2025-06-28 20:43:35.097426,True,False
770,hx46601315563,EU,2024-10-20 20:43:35.097426,False,False
771,hx89841171874,EU,2024-11-03 20:43:35.097427,True,False
772,hx92626165534,EU,2025-08-12 20:43:35.097428,True,False
773,hx37947667435,BR,2024-10-16 20:43:35.097429,True,True
774,hx76236728777,BR,2025-05-24 20:43:35.097429,True,False
775,hx32780528458,EU,2024-09-29 20:43:35.097430,True,False
776,hx22557103347,EU,2025-06-15 20:43:35.097431,True,False
777,hx49409293717,EU,2025-06-22 20:43:35.097432,True,False
778,hx64222518609,EU,2025-05-17 20:43:35.097432,True,False
779,hx94203180283,CA,2024-09-13 20:43:35.097433,False,False
780,hx23131136712,UK,2024-09-08 20:43:35.097434,True,True
781,hx74112640778,CA,2024-12-21 20:43:35.097435,False,True
782,hx52791805437,US,2025-08-10 20:43:35.097435,False,True
783,hx21853836785,US,2025-01-06 20:43:35.097436,True,False
784,hx97539224256,EU,2025-05-02 20:43:35.097437,True,False
785,hx72619205360,EU,2024-11-26 20:43:35.097438,True,False
786,hx21597280818,EU,2025-01-21 20:43:35.097438,True,True
787,hx91517987675,BR,2024-10-04 20:43:35.097439,True,True
788,hx19278474449,EU,2024-12-06 20:43:35.097440,False,True
789,hx18339331122,EU,2025-04-26 20:43:35.097441,True,True
790,hx39839589598,EU,2024-11-10 20:43:35.097441,True,True
791,hx94416324417,EU,2025-05-23 20:43:35.097442,True,True
792,hx12972203333,US,2025-04-01 20:43:35.097443,True,False
793,hx92638651696,EU,2025-05-25 20:43:35.097444,True,False
794,hx65045042081,EU,2025-05-30 20:43:35.097444,False,True
795,hx16034647430,UK,2025-03-25 20:43:35.097445,True,True
796,hx61173255287,UK,2024-10-12 20:43:35.097448,True,True
797,hx51291165026,US,2025-03-10 20:43:35.097449,True,True
798,hx60758609397,US,2025-07-05 20:43:35.097451,True,False
799,hx76348318696,EU,2024-11-18 20:43:35.097452,True,True
800,hx71075718745,UK,2025-07-26 20:43:35.097454,False,False
